{
    "accuracy": 0.6655421686746988,
    "precision": 0.7706576728499157,
    "recall": 0.45024630541871924,
    "auc": 0.7241974161167395
}