{
    "accuracy": 0.6660240963855422,
    "precision": 0.7728813559322034,
    "recall": 0.4492610837438424,
    "auc": 0.7228418068593736
}